times,Day_of_Year,Day_of_Year(Fraction),AOD_1640nm,AOD_1020nm,AOD_870nm,AOD_675nm,AOD_500nm,AOD_440nm,AOD_380nm,AOD_340nm,Precipitable_Water(cm),Triplet_Variability_1640,Triplet_Variability_1020,Triplet_Variability_870,Triplet_Variability_675,Triplet_Variability_500,Triplet_Variability_440,Triplet_Variability_380,Triplet_Variability_340,Triplet_Variability_Precipitable_Water(cm),440-870_Angstrom_Exponent,380-500_Angstrom_Exponent,440-675_Angstrom_Exponent,500-870_Angstrom_Exponent,340-440_Angstrom_Exponent,Data_Quality_Level,AERONET_Instrument_Number,AERONET_Site_Name,Site_Latitude(Degrees),Site_Longitude(Degrees),Site_Elevation(m),Solar_Zenith_Angle(Degrees),Optical_Air_Mass,Sensor_Temperature(Degrees_C),Ozone(Dobson),NO2(Dobson),Last_Date_Processed,Number_of_Wavelengths,Exact_Wavelengths_of_AOD(um)_1640nm,Exact_Wavelengths_of_AOD(um)_1020nm,Exact_Wavelengths_of_AOD(um)_870nm,Exact_Wavelengths_of_AOD(um)_675nm,Exact_Wavelengths_of_AOD(um)_500nm,Exact_Wavelengths_of_AOD(um)_440nm,Exact_Wavelengths_of_AOD(um)_380nm,Exact_Wavelengths_of_AOD(um)_340nm,Exact_Wavelengths_of_PW(um)_935nm,day,hour
2016-02-12 10:34:02,43,43.440301,0.030968,0.045044,0.054852,0.074326,0.114094,0.132223,0.164151,0.184611,3.3565949999999996,0.000281,0.007412,0.006705,0.006904,0.004975,0.004992,0.002224,0.001632,0.029174000000000002,1.312815,1.2946309999999999,1.361025,1.3408280000000001,1.320904,lev15,624,Alta_Floresta,-9.871339,-56.104453,277.0,79.077764,5.144563,23.4,260.241786,0.097334,22:08:2018,9,1.6426,1.0197,0.8679,0.6722,0.502,0.4375,0.3789,0.3392,0.9354,20160212,10:34:02
2016-05-02 10:28:42,123,123.43659699999999,0.060416,0.065613,0.07265,0.086639,0.12131600000000001,0.13474,0.164447,0.181594,3.4402589999999997,0.010604,0.008739,0.010325,0.010284999999999999,0.012459999999999999,0.0111,0.015749000000000003,0.017379,0.22913499999999998,0.9361940000000001,1.0835780000000002,1.047716,0.941673,1.183025,lev15,624,Alta_Floresta,-9.871339,-56.104453,277.0,81.35341600000001,6.388063,22.5,253.100361,0.09774400000000001,22:08:2018,9,1.6426,1.0197,0.8679,0.6722,0.502,0.4375,0.3789,0.3392,0.9354,20160502,10:28:42
2016-05-22 10:33:43,143,143.440081,0.030832,0.042119,0.050398,0.067789,0.106851,0.123831,0.15484900000000001,0.173095,3.1861479999999998,0.005629,0.005564,0.003979,0.0033130000000000004,0.001474,0.001504,0.000725,0.00033999999999999997,0.060763,1.349105,1.3205959999999999,1.427201,1.377009,1.3277139999999998,lev15,624,Alta_Floresta,-9.871339,-56.104453,277.0,81.282354,6.340375,23.7,250.001486,0.10044,22:08:2018,9,1.6426,1.0197,0.8679,0.6722,0.502,0.4375,0.3789,0.3392,0.9354,20160522,10:33:43
2016-05-25 10:34:39,146,146.440729,0.054787,0.060292,0.067619,0.079567,0.107701,0.11734800000000001,0.142431,0.154071,2.8399650000000003,0.010095999999999999,0.007906999999999999,0.008327,0.008202,0.009724,0.008881,0.015806999999999998,0.018934,0.173255,0.8381139999999999,0.996168,0.925351,0.854628,1.0834059999999999,lev15,624,Alta_Floresta,-9.871339,-56.104453,277.0,81.268413,6.331102,22.0,250.071639,0.101021,22:08:2018,9,1.6426,1.0197,0.8679,0.6722,0.502,0.4375,0.3789,0.3392,0.9354,20160525,10:34:39
2016-06-01 10:36:41,153,153.442141,0.01977,0.027635000000000003,0.03453,0.046303,0.073706,0.083242,0.10547899999999999,0.11534100000000001,3.1085279999999997,0.00033999999999999997,0.00019099999999999998,0.000302,0.000822,0.000699,0.001102,0.001248,0.0009,0.076592,1.333393,1.276859,1.401095,1.3899,1.299349,lev15,624,Alta_Floresta,-9.871339,-56.104453,277.0,81.28329000000001,6.340999,23.5,250.235327,0.102376,22:08:2018,9,1.6426,1.0197,0.8679,0.6722,0.502,0.4375,0.3789,0.3392,0.9354,20160601,10:36:41
2016-06-04 10:37:39,156,156.442813,0.021204,0.029335000000000003,0.036864,0.050872,0.083766,0.0962,0.12241400000000001,0.136225,3.4278370000000002,0.000525,0.000533,0.00035099999999999997,0.0009449999999999999,0.000681,0.000364,0.0020350000000000004,0.00027,0.08279500000000001,1.448965,1.351046,1.518546,1.50416,1.3820270000000001,lev15,624,Alta_Floresta,-9.871339,-56.104453,277.0,81.269533,6.331846,23.2,250.30548,0.10295699999999999,22:08:2018,9,1.6426,1.0197,0.8679,0.6722,0.502,0.4375,0.3789,0.3392,0.9354,20160604,10:37:39
2016-06-21 10:52:15,173,173.452951,0.024562,0.030313999999999997,0.036181,0.045014,0.064121,0.07035,0.08797200000000001,0.09481,2.5084150000000003,0.00044,0.00045999999999999996,0.00031099999999999997,0.00035299999999999996,0.000346,0.000381,0.000624,0.0013160000000000001,0.032836000000000004,1.008502,1.127407,1.066546,1.0491629999999998,1.19115,lev15,624,Alta_Floresta,-9.871339,-56.104453,277.0,79.063265,5.1381760000000005,21.8,251.96323900000002,0.10650599999999999,22:08:2018,9,1.6426,1.0197,0.8679,0.6722,0.502,0.4375,0.3789,0.3392,0.9354,20160621,10:52:15
2016-06-24 10:49:05,176,176.450752,0.076848,0.095389,0.103592,0.11227000000000001,0.131217,0.137541,0.15876300000000002,0.164485,2.555685,0.000324,0.0032340000000000003,0.0008539999999999999,0.001644,0.002816,0.0038659999999999996,0.004340999999999999,0.002039,0.06029400000000001,0.430462,0.679791,0.482292,0.434216,0.7173689999999999,lev15,624,Alta_Floresta,-9.871339,-56.104453,277.0,79.887975,5.528389,21.0,252.618709,0.107205,22:08:2018,9,1.6426,1.0197,0.8679,0.6722,0.502,0.4375,0.3789,0.3392,0.9354,20160624,10:49:05
2016-11-01 10:35:05,306,306.44102999999996,0.154788,0.21609,0.254863,0.34274299999999996,0.49969399999999997,0.572064,0.6615800000000001,0.7162270000000001,4.449186,0.003933,0.007468000000000001,0.009711,0.010726000000000001,0.010862,0.013775,0.017786,0.023583,0.06324099999999999,1.192008,1.021672,1.203071,1.2125489999999999,0.887558,lev15,635,Alta_Floresta,-9.871339,-56.104453,277.0,71.38679599999999,3.107125,25.5,271.900918,0.122748,21:12:2018,9,1.6398,1.0204,0.8712,0.6741,0.4997,0.4385,0.3797,0.3398,0.9375,20161101,10:35:05
2017-01-10 10:54:03,10,10.454201,0.046001,0.060758000000000006,0.066447,0.0793,0.107402,0.11548399999999999,0.13439,0.14123,4.0656989999999995,0.002648,0.0048590000000000005,0.005987,0.008584,0.010111,0.009347,0.010499,0.012734,0.08242100000000001,0.838249,0.8202860000000001,0.8982399999999999,0.867964,0.801994,lev15,635,Alta_Floresta,-9.871339,-56.104453,277.0,71.99159,3.2058470000000003,24.2,261.821084,0.10044,21:12:2018,9,1.6398,1.0204,0.8712,0.6741,0.4997,0.4385,0.3797,0.3398,0.9375,20170110,10:54:03
2017-09-24 10:44:49,267,267.447789,0.378619,0.585043,0.723074,1.07707,1.7552830000000001,,,,3.551354,0.076324,0.08161900000000001,0.069351,0.064828,0.059019,,,,0.49116899999999997,1.59648,,1.631375,1.59648,,lev15,635,Alta_Floresta,-9.871339,-56.104453,277.0,72.986757,3.3833580000000003,24.2,274.27029500000003,0.192916,21:12:2018,6,1.6398,1.0204,0.8712,0.6741,0.4997,,,,0.9375,20170924,10:44:49
2017-09-29 10:46:11,272,272.448738,0.1806,0.376165,0.503844,0.807702,1.335564,1.605133,,,3.6173260000000003,0.022422,0.015449000000000001,0.005011,0.010763,0.032639,0.039202999999999995,,,0.100788,1.6949290000000001,1.407241,1.611418,1.7517029999999998,,lev15,635,Alta_Floresta,-9.871339,-56.104453,277.0,71.902109,3.19083,24.0,274.372437,0.17858,21:12:2018,7,1.6398,1.0204,0.8712,0.6741,0.4997,0.4385,,,0.9375,20170929,10:46:11
2017-10-19 10:35:57,292,292.44163199999997,0.061225999999999996,0.09981699999999999,0.122119,0.177448,0.29575500000000005,0.363166,0.45964499999999997,0.533519,3.3936940000000004,0.00037999999999999997,0.0008060000000000001,0.000333,0.000535,0.000775,0.001467,0.0011279999999999999,0.002673,0.042024,1.6027959999999999,1.606056,1.672568,1.594467,1.514545,lev15,635,Alta_Floresta,-9.871339,-56.104453,277.0,72.012124,3.209314,24.3,273.979763,0.131134,21:12:2018,9,1.6398,1.0204,0.8712,0.6741,0.4997,0.4385,0.3797,0.3398,0.9375,20171019,10:35:57
2017-10-22 10:53:48,295,295.454028,0.241272,0.317775,0.367004,0.494845,0.760039,0.911956,1.115933,1.273201,4.104935,0.008379000000000001,0.006753,0.005522999999999999,0.003699,0.002095,0.002045,0.009743,0.007,0.030699,1.3372540000000002,1.3986020000000001,1.423708,1.3130870000000001,1.31312,lev15,635,Alta_Floresta,-9.871339,-56.104453,277.0,67.421876,2.5904700000000003,24.8,273.498025,0.129191,21:12:2018,9,1.6398,1.0204,0.8712,0.6741,0.4997,0.4385,0.3797,0.3398,0.9375,20171022,10:53:48
2017-10-29 10:37:02,302,302.442384,0.8657100000000001,0.852389,0.8550549999999999,0.87716,0.9490639999999999,0.988931,1.045823,1.084424,4.296355999999999,0.017735,0.01934,0.015144,0.013144999999999999,0.010652,0.012228,0.018934,0.012331,0.078372,0.215285,0.354103,0.27618200000000004,0.189743,0.362795,lev15,635,Alta_Floresta,-9.871339,-56.104453,277.0,71.055672,3.05572,23.9,272.380457,0.12468199999999999,21:12:2018,9,1.6398,1.0204,0.8712,0.6741,0.4997,0.4385,0.3797,0.3398,0.9375,20171029,10:37:02
2017-12-21 10:52:03,355,355.452812,0.043123,0.064634,0.073072,0.091417,0.12795299999999998,0.14281300000000002,0.168293,0.181921,4.440319000000001,0.0012259999999999999,0.0010630000000000001,0.0007830000000000001,0.00047000000000000004,0.0014089999999999999,0.000225,0.00037999999999999997,0.001419,0.041178,0.998291,1.000286,1.05225,1.011034,0.9583969999999999,lev15,635,Alta_Floresta,-9.871339,-56.104453,277.0,70.19752,2.9304490000000003,25.7,263.460796,0.102376,21:12:2018,9,1.6398,1.0204,0.8712,0.6741,0.4997,0.4385,0.3797,0.3398,0.9375,20171221,10:52:03
2018-03-03 10:59:46,62,62.45817099999999,0.009682,0.021685,0.024547,0.030846,0.046842,0.050339,0.061003999999999996,0.063669,4.03196,0.000919,0.0006799999999999999,0.000977,0.000863,0.0014960000000000002,0.0009710000000000001,0.0011330000000000001,0.002082,0.055217999999999996,1.103917,0.968226,1.1833850000000001,1.1689129999999999,0.941213,lev15,635,Alta_Floresta,-9.871339,-56.104453,277.0,73.24454899999999,3.432722,24.1,260.440823,0.097588,21:12:2018,9,1.6398,1.0204,0.8712,0.6741,0.4997,0.4385,0.3797,0.3398,0.9375,20180303,10:59:46
2018-04-27 10:41:13,117,117.44528899999999,0.022188999999999997,0.028443,0.033882999999999996,0.044839,0.071139,0.084863,0.10867,0.12490899999999999,4.075598,0.0008460000000000001,0.0008039999999999999,0.001039,0.001391,0.0027649999999999997,0.004052,0.005407,0.008199,0.00805,1.360394,1.556851,1.48623,1.336201,1.529955,lev15,636,Alta_Floresta,-9.871339,-56.104453,277.0,78.219789,4.791980000000001,23.3,254.400618,0.097245,07:11:2019,9,1.6379,1.0212,0.8715,0.6755,0.499,0.4387,0.3799,0.3402,0.9353,20180427,10:41:13
2018-05-22 10:36:35,142,142.442072,0.052074,0.05485,0.059559,0.069714,0.09590900000000001,0.11003900000000001,0.133604,0.148715,3.9199,0.002745,0.001871,0.002325,0.001872,0.002012,0.002682,0.002234,0.0027129999999999997,0.043325,0.909666,1.218148,1.056716,0.8606309999999999,1.192593,lev15,636,Alta_Floresta,-9.871339,-56.104453,277.0,80.607508,5.920039,22.8,250.001532,0.10044,07:11:2019,9,1.6379,1.0212,0.8715,0.6755,0.499,0.4387,0.3799,0.3402,0.9353,20180522,10:36:35
2018-05-25 10:33:55,145,145.44021999999998,0.028043000000000002,0.043306,0.053644000000000004,0.07496699999999999,0.11891600000000001,0.141874,0.174946,0.20011400000000001,3.7410669999999997,0.000583,0.0009550000000000001,0.0016129999999999999,0.0024100000000000002,0.0040420000000000005,0.005147,0.005558,0.007006,0.051024,1.431783,1.416498,1.486,1.430585,1.3577489999999999,lev15,636,Alta_Floresta,-9.871339,-56.104453,277.0,81.40159200000001,6.420794,22.6,250.071627,0.101021,07:11:2019,9,1.6379,1.0212,0.8715,0.6755,0.499,0.4387,0.3799,0.3402,0.9353,20180525,10:33:55
2018-06-01 10:35:50,152,152.441551,0.014391999999999999,0.021453,0.026175999999999998,0.035917000000000004,0.059737,0.072836,0.095426,0.112278,3.071176,0.000713,0.000677,0.000532,0.000699,0.001017,0.0017850000000000001,0.002235,0.004370000000000001,0.068589,1.513592,1.720749,1.645447,1.4859719999999998,1.7105869999999999,lev15,636,Alta_Floresta,-9.871339,-56.104453,277.0,81.440345,6.447361,21.9,250.235313,0.102376,24:12:2019,9,1.6379,1.0212,0.8715,0.6755,0.499,0.4387,0.3799,0.3402,0.9353,20180601,10:35:50
2018-06-04 10:36:30,155,155.442014,0.023273,0.032693,0.039306,0.053788,0.077611,0.09328099999999999,0.110796,0.132681,3.068524,0.0032240000000000003,0.0019920000000000003,0.004961999999999999,0.012903999999999999,0.0061909999999999995,0.013105,0.006282,0.029411,0.06477999999999999,1.248111,1.3032700000000002,1.263903,1.219776,1.376225,lev15,636,Alta_Floresta,-9.871339,-56.104453,277.0,81.49271999999999,6.483611,18.7,250.305462,0.10295699999999999,07:11:2019,9,1.6379,1.0212,0.8715,0.6755,0.499,0.4387,0.3799,0.3402,0.9353,20180604,10:36:30
2018-06-09 10:58:49,160,160.457512,0.023583,0.033677,0.040416,0.055510000000000004,0.086476,0.10314300000000001,0.128236,0.145084,3.36555,0.004259000000000001,0.005092,0.003518,0.003481,0.002501,0.003715,0.0024980000000000002,0.0038659999999999996,0.024281999999999998,1.37742,1.446159,1.440451,1.36723,1.35028,lev15,636,Alta_Floresta,-9.871339,-56.104453,277.0,76.90856600000001,4.3377419999999995,21.5,250.422721,0.10392699999999999,07:11:2019,9,1.6379,1.0212,0.8715,0.6755,0.499,0.4387,0.3799,0.3402,0.9353,20180609,10:58:49
2018-06-14 10:39:29,165,165.444086,0.016096,0.023962999999999998,0.029557,0.040933,0.06574400000000001,0.078854,0.099444,0.11209300000000001,2.233431,0.001091,0.000822,0.0009789999999999998,0.0013650000000000001,0.001511,0.002045,0.002411,0.005016,0.045429000000000004,1.447285,1.519356,1.527141,1.437791,1.3945670000000001,lev15,636,Alta_Floresta,-9.871339,-56.104453,277.0,81.46690600000001,6.465694999999999,19.8,250.539303,0.10489200000000001,07:11:2019,9,1.6379,1.0212,0.8715,0.6755,0.499,0.4387,0.3799,0.3402,0.9353,20180614,10:39:29
2018-06-16 10:42:45,167,167.446354,0.035836,0.044738,0.051315999999999994,0.06525700000000001,0.095586,0.111501,0.13541199999999998,0.15177100000000002,2.800422,0.0016879999999999998,0.0009019999999999999,0.001111,0.000968,0.001247,0.001629,0.0019920000000000003,0.0034590000000000003,0.031497000000000004,1.14523,1.278665,1.244531,1.120008,1.21939,lev15,636,Alta_Floresta,-9.871339,-56.104453,277.0,80.864133,6.073268,18.5,250.868546,0.10533699999999999,07:11:2019,9,1.6379,1.0212,0.8715,0.6755,0.499,0.4387,0.3799,0.3402,0.9353,20180616,10:42:45
2018-06-19 10:43:58,170,170.447199,0.021144999999999997,0.028189,0.032511,0.040726,0.059196000000000006,0.068676,0.08473,0.094287,2.35717,0.000242,0.000618,0.00021600000000000002,0.000575,0.001713,0.002686,0.004497999999999999,0.006940000000000001,0.031201,1.106163,1.317879,1.214967,1.079693,1.256992,lev15,636,Alta_Floresta,-9.871339,-56.104453,277.0,80.75834300000001,6.009167,19.2,251.52468100000002,0.10603800000000001,07:11:2019,9,1.6379,1.0212,0.8715,0.6755,0.499,0.4387,0.3799,0.3402,0.9353,20180619,10:43:58
2018-06-21 10:41:23,172,172.445405,0.016115,0.021409,0.024885,0.030437,0.043864999999999994,0.050016000000000005,0.06221,0.068152,2.919195,0.000897,0.000822,0.000661,0.001078,0.0014349999999999999,0.001999,0.003861,0.006032,0.038425,1.0411030000000001,1.285823,1.1607399999999999,1.022504,1.231576,lev15,636,Alta_Floresta,-9.871339,-56.104453,277.0,81.424116,6.43621,21.7,251.961589,0.106504,07:11:2019,9,1.6379,1.0212,0.8715,0.6755,0.499,0.4387,0.3799,0.3402,0.9353,20180621,10:41:23
2018-07-19 10:42:28,200,200.446157,0.017749,0.024846,0.028739999999999998,0.035295,0.050008,0.057139999999999996,0.069332,0.07459400000000001,2.184684,0.000594,0.000563,0.000998,0.001428,0.0033490000000000004,0.005602,0.008693000000000001,0.013313,0.010920000000000001,1.019211,1.200964,1.12226,0.9982030000000001,1.0628790000000001,lev15,636,Alta_Floresta,-9.871339,-56.104453,277.0,81.5477,6.522094,20.5,258.21355,0.12046199999999999,07:11:2019,9,1.6379,1.0212,0.8715,0.6755,0.499,0.4387,0.3799,0.3402,0.9353,20180719,10:42:28
2018-07-26 10:41:25,207,207.445428,0.017591,0.025273,0.029302999999999996,0.036773,0.052646000000000005,0.061085,0.075033,0.08291699999999999,1.594103,0.000443,0.000306,0.00037400000000000004,0.000512,0.001046,0.001536,0.002867,0.0049,0.02872,1.082415,1.3018969999999999,1.177402,1.054949,1.212932,lev15,636,Alta_Floresta,-9.871339,-56.104453,277.0,81.500999,6.489378,18.1,259.94795,0.13378299999999999,07:11:2019,9,1.6379,1.0212,0.8715,0.6755,0.499,0.4387,0.3799,0.3402,0.9353,20180726,10:41:25
2018-07-29 10:41:02,210,210.445162,0.035515,0.052877,0.063983,0.086964,0.13384200000000002,0.156845,0.191447,0.21606599999999998,3.1501919999999997,0.001756,0.003075,0.003849,0.00615,0.008326,0.007845,0.010244,0.013466999999999998,0.107774,1.32336,1.31405,1.3765969999999998,1.326694,1.265938,lev15,636,Alta_Floresta,-9.871339,-56.104453,277.0,81.416591,6.431051999999999,22.0,260.69127599999996,0.139492,07:11:2019,9,1.6379,1.0212,0.8715,0.6755,0.499,0.4387,0.3799,0.3402,0.9353,20180729,10:41:02
2018-08-03 10:50:19,215,215.451609,0.066748,0.07871399999999999,0.088409,0.11331400000000001,0.16736900000000002,0.197823,0.242225,0.273621,2.142071,0.010939,0.009120999999999999,0.009734999999999999,0.009623,0.008708,0.007339,0.00716,0.0047090000000000005,0.09754,1.184401,1.356587,1.290384,1.149041,1.282144,lev15,636,Alta_Floresta,-9.871339,-56.104453,277.0,78.93079,5.080539,19.8,261.931859,0.14902100000000001,07:11:2019,9,1.6379,1.0212,0.8715,0.6755,0.499,0.4387,0.3799,0.3402,0.9353,20180803,10:50:19
2018-08-05 10:38:58,217,217.443727,0.034535,0.052378999999999995,0.06487000000000001,0.09399,0.15826700000000002,0.195047,0.24703899999999998,0.28679699999999997,2.956477,0.0016170000000000002,0.002325,0.001234,0.000535,0.001221,0.002225,0.005432,0.006187,0.038944,1.618136,1.632996,1.6965849999999998,1.603261,1.522404,lev15,636,Alta_Floresta,-9.871339,-56.104453,277.0,81.375816,6.403241,19.8,262.4255,0.15281199999999998,07:11:2019,9,1.6379,1.0212,0.8715,0.6755,0.499,0.4387,0.3799,0.3402,0.9353,20180805,10:38:58
2018-08-08 10:44:35,220,220.447627,0.038281,0.051891999999999994,0.060529999999999994,0.08132,0.12547,0.15003,0.185639,0.21255900000000003,2.475148,0.003211,0.002366,0.002945,0.002896,0.003906,0.004368,0.006581,0.008612,0.036414999999999996,1.334489,1.437381,1.421229,1.311129,1.375493,lev15,636,Alta_Floresta,-9.871339,-56.104453,277.0,79.80601999999999,5.487004,21.1,263.16985800000003,0.158529,07:11:2019,9,1.6379,1.0212,0.8715,0.6755,0.499,0.4387,0.3799,0.3402,0.9353,20180808,10:44:35
2018-08-13 10:50:00,225,225.451389,0.036849,0.052020000000000004,0.062514,0.086939,0.13888,0.16717200000000002,0.20849,0.238967,3.085268,0.000785,0.0014869999999999998,0.001403,0.001829,0.00234,0.00351,0.004971,0.007126,0.030086,1.447316,1.490713,1.520463,1.4351049999999999,1.411545,lev15,636,Alta_Floresta,-9.871339,-56.104453,277.0,78.019413,4.716481,22.0,264.409777,0.168053,07:11:2019,9,1.6379,1.0212,0.8715,0.6755,0.499,0.4387,0.3799,0.3402,0.9353,20180813,10:50:00
2018-08-23 10:57:46,235,235.45678199999998,0.044931,0.07553,0.09690499999999999,0.14269500000000002,0.223823,0.264952,0.320677,0.359129,3.451533,0.001153,0.001584,0.002106,0.003257,0.004217,0.00521,0.006271,0.007551,0.063598,1.47244,1.318746,1.443119,1.500802,1.2025,lev15,636,Alta_Floresta,-9.871339,-56.104453,277.0,74.905511,3.790231,23.3,267.32613599999996,0.184367,07:11:2019,9,1.6379,1.0212,0.8715,0.6755,0.499,0.4387,0.3799,0.3402,0.9353,20180823,10:57:46
2018-08-30 10:53:14,242,242.453634,0.02887,0.045798,0.058197000000000006,0.086313,0.14443,0.178285,0.22841399999999998,0.267781,2.630115,0.001181,0.001369,0.000975,0.0011480000000000001,0.0017170000000000002,0.002427,0.002576,0.003066,0.027236,1.6397009999999999,1.681641,1.684031,1.632292,1.605788,lev15,636,Alta_Floresta,-9.871339,-56.104453,277.0,74.953771,3.801766,21.1,269.421538,0.195427,07:11:2019,9,1.6379,1.0212,0.8715,0.6755,0.499,0.4387,0.3799,0.3402,0.9353,20180830,10:53:14
2018-09-02 10:51:29,245,245.452419,0.045756,0.07850900000000001,0.098329,0.14612,0.2412,0.296613,0.371182,0.427846,1.957752,0.0036149999999999997,0.007849,0.009214,0.010059,0.012723,0.013203999999999999,0.012843,0.014113999999999998,0.039320999999999995,1.614533,1.580309,1.6428939999999999,1.610623,1.446485,lev15,636,Alta_Floresta,-9.871339,-56.104453,277.0,74.910684,3.791464,20.5,270.31960699999996,0.200167,07:11:2019,9,1.6379,1.0212,0.8715,0.6755,0.499,0.4387,0.3799,0.3402,0.9353,20180902,10:51:29
2018-09-14 10:54:23,257,257.454433,0.074654,0.09311699999999999,0.109116,0.14693299999999998,0.225967,0.270439,0.335379,0.384708,4.04945,0.009318,0.0060539999999999995,0.008255,0.008779,0.009161,0.008453,0.011470999999999999,0.010934000000000001,0.10611300000000001,1.3328309999999999,1.448943,1.414792,1.30913,1.391432,lev15,636,Alta_Floresta,-9.871339,-56.104453,277.0,72.274466,3.254307,24.1,273.913944,0.219138,07:11:2019,9,1.6379,1.0212,0.8715,0.6755,0.499,0.4387,0.3799,0.3402,0.9353,20180914,10:54:23
2018-09-17 10:52:28,260,260.453102,0.07897799999999999,0.12020499999999999,0.147296,0.21030300000000002,0.335439,0.40423400000000004,0.497721,0.568816,3.7721339999999994,0.0021620000000000003,0.001021,0.0014470000000000002,0.00159,0.001234,0.000585,0.001209,0.000495,0.022742,1.4804469999999998,1.446999,1.518851,1.477985,1.348311,lev15,636,Alta_Floresta,-9.871339,-56.104453,277.0,72.255866,3.251073,23.9,274.127432,0.212968,07:11:2019,9,1.6379,1.0212,0.8715,0.6755,0.499,0.4387,0.3799,0.3402,0.9353,20180917,10:52:28
2018-09-19 10:54:24,262,262.45444399999997,0.108117,0.14567,0.172056,0.23588499999999998,0.357124,0.42394899999999996,0.5120180000000001,0.57793,3.3647,0.009927,0.007384999999999999,0.0070209999999999995,0.005961999999999999,0.005125,0.00318,0.0033810000000000003,0.001576,0.0015710000000000001,1.320375,1.320964,1.360251,1.311498,1.223088,lev15,636,Alta_Floresta,-9.871339,-56.104453,277.0,71.460768,3.1188580000000004,24.2,274.16830899999997,0.207231,07:11:2019,9,1.6379,1.0212,0.8715,0.6755,0.499,0.4387,0.3799,0.3402,0.9353,20180919,10:54:24
2018-09-24 10:54:57,267,267.45482599999997,0.356794,0.38769699999999996,0.420587,0.504901,0.677774,0.778096,0.910768,1.0131299999999999,4.147149,0.008676999999999999,0.010006999999999999,0.008851000000000001,0.008496,0.008042,0.0077670000000000005,0.008741,0.0074010000000000005,0.059848,0.9009530000000001,1.083726,0.996655,0.859359,1.040792,lev15,636,Alta_Floresta,-9.871339,-56.104453,277.0,70.536647,2.978641,23.4,274.270439,0.192896,07:11:2019,9,1.6379,1.0212,0.8715,0.6755,0.499,0.4387,0.3799,0.3402,0.9353,20180924,10:54:57
2018-10-27 10:53:02,300,300.45349500000003,0.100989,0.14687999999999998,0.18145799999999998,0.2652,0.421993,0.504612,0.6124850000000001,0.6892520000000001,4.1270050000000005,0.002097,0.0018789999999999998,0.004468,0.007,0.010023,0.01239,0.013347999999999999,0.013137000000000001,0.059226,1.498501,1.365724,1.498147,1.51417,1.232198,lev15,636,Alta_Floresta,-9.871339,-56.104453,277.0,67.30431800000001,2.577917,28.1,272.698517,0.12596500000000002,07:11:2019,9,1.6379,1.0212,0.8715,0.6755,0.499,0.4387,0.3799,0.3402,0.9353,20181027,10:53:02
2018-10-29 10:54:40,302,302.45463,0.11879100000000001,0.136054,0.153835,0.20147400000000001,0.294468,0.345265,0.41318599999999994,0.459978,4.348254,0.00121,0.0014880000000000002,0.003199,0.0048270000000000006,0.005675,0.007412,0.008142,0.008903,0.012998,1.185732,1.242246,1.248869,1.1671790000000002,1.134058,lev15,636,Alta_Floresta,-9.871339,-56.104453,277.0,66.809865,2.526527,27.7,272.37849900000003,0.12467400000000001,24:12:2019,9,1.6379,1.0212,0.8715,0.6755,0.499,0.4387,0.3799,0.3402,0.9353,20181029,10:54:40
2019-06-26 10:42:10,177,177.445949,0.016375,0.024377,0.029833,0.040018,0.063082,0.073064,0.091115,0.10385,2.791309,0.000726,0.000594,5.6000000000000006e-05,0.00054,0.0008410000000000001,0.001191,0.0041,0.00345,0.053877,1.336752,1.342179,1.420798,1.35188,1.386315,lev15,635,Alta_Floresta,-9.871339,-56.104453,277.0,81.457311,6.459061,21.5,253.054959,0.107671,30:06:2019,9,1.6398,1.0204,0.8712,0.6741,0.4997,0.4385,0.3797,0.3398,0.9375,20190626,10:42:10
2019-07-04 10:42:49,185,185.4464,0.023416,0.034129,0.041455,0.056133,0.090752,0.107002,0.134679,0.153371,3.597443,0.000917,0.000541,0.001042,0.001855,0.003616,0.004882,0.006393,0.011708,0.01653,1.412547,1.440166,1.5183149999999999,1.414976,1.420786,lev15,635,Alta_Floresta,-9.871339,-56.104453,277.0,81.54141,6.517669000000001,24.2,254.80425899999997,0.109537,08:07:2019,9,1.6398,1.0204,0.8712,0.6741,0.4997,0.4385,0.3797,0.3398,0.9375,20190704,10:42:49
2019-07-11 10:43:14,192,192.44669,0.03268,0.05196,0.063943,0.092217,0.150851,0.181177,0.22362800000000002,0.249662,2.184371,0.000585,0.000299,0.000319,0.000901,0.0022370000000000003,0.0032549999999999996,0.008383,0.006978,0.021152,1.536176,1.434044,1.583184,1.546843,1.267269,lev15,635,Alta_Floresta,-9.871339,-56.104453,277.0,81.505139,6.492265,19.8,256.334873,0.111171,15:07:2019,9,1.6398,1.0204,0.8712,0.6741,0.4997,0.4385,0.3797,0.3398,0.9375,20190711,10:43:14
2019-07-14 10:43:28,195,195.446852,0.01955,0.030543999999999998,0.037245,0.052078,0.085892,0.10260699999999999,0.131273,0.146765,2.6128139999999997,0.0002,0.000458,0.000177,0.000396,0.0008060000000000001,0.001074,0.001567,0.003114,0.047165,1.503749,1.547412,1.593401,1.507835,1.418492,lev15,635,Alta_Floresta,-9.871339,-56.104453,277.0,81.431597,6.441346,21.9,256.990859,0.111871,18:07:2019,9,1.6398,1.0204,0.8712,0.6741,0.4997,0.4385,0.3797,0.3398,0.9375,20190714,10:43:28
2019-07-16 10:42:57,197,197.446493,0.018787,0.031457,0.038005000000000004,0.052229,0.08125800000000001,0.094669,0.11747200000000001,0.130018,2.047086,0.000699,0.000393,0.0005269999999999999,0.000696,0.001656,0.002049,0.003425,0.004824,0.032524000000000004,1.352363,1.344763,1.399255,1.370118,1.2565899999999999,lev15,635,Alta_Floresta,-9.871339,-56.104453,277.0,81.516478,6.500186,20.5,257.470242,0.114753,20:07:2019,9,1.6398,1.0204,0.8712,0.6741,0.4997,0.4385,0.3797,0.3398,0.9375,20190716,10:42:57
2019-07-19 10:42:43,200,200.44633100000001,0.033166,0.047581,0.05565,0.073784,0.113107,0.132572,0.165192,0.186426,2.572412,0.000371,0.000389,0.00028,0.000858,0.0017530000000000002,0.002916,0.0029809999999999997,0.008555,0.028095,1.286065,1.381753,1.373831,1.2801129999999998,1.346114,lev15,635,Alta_Floresta,-9.871339,-56.104453,277.0,81.49900600000001,6.487988,21.1,258.213593,0.12046199999999999,23:07:2019,9,1.6398,1.0204,0.8712,0.6741,0.4997,0.4385,0.3797,0.3398,0.9375,20190719,10:42:43
2019-07-26 10:41:39,207,207.44558999999998,,0.038162,0.046901,0.06632,0.10611400000000001,0.126318,0.158253,0.179143,2.137995,,0.000679,0.000696,0.000596,0.001392,0.002501,0.006371,0.007370999999999999,0.027249000000000002,1.462129,1.457234,1.5107469999999998,1.471637,1.379557,lev15,635,Alta_Floresta,-9.871339,-56.104453,277.0,81.461093,6.4616739999999995,21.6,259.94799,0.133784,30:07:2019,8,,1.0204,0.8712,0.6741,0.4997,0.4385,0.3797,0.3398,0.9375,20190726,10:41:39
2019-07-29 10:41:09,210,210.445243,,0.037456,0.047185000000000005,0.070768,0.119651,0.14557,0.1829,0.20742,1.9725849999999998,,0.001155,0.0010539999999999998,0.001853,0.003776,0.004639,0.0064340000000000005,0.003019,0.039068,1.6591740000000001,1.5459049999999999,1.6905709999999998,1.6762130000000002,1.398109,lev15,635,Alta_Floresta,-9.871339,-56.104453,277.0,81.405401,6.423396,20.9,260.691296,0.139493,02:08:2019,8,,1.0204,0.8712,0.6741,0.4997,0.4385,0.3797,0.3398,0.9375,20190729,10:41:09
2019-08-03 10:39:38,215,215.44419,,0.08086900000000001,0.096182,0.13286900000000001,0.207186,0.24614699999999998,0.302194,0.336395,2.4669,,0.0008230000000000001,0.001472,0.001796,0.003146,0.004254,0.012128,0.014441999999999998,0.01656,1.38456,1.3752659999999999,1.442492,1.383371,1.234579,lev15,635,Alta_Floresta,-9.871339,-56.104453,277.0,81.404612,6.422857,21.3,261.930021,0.149007,07:08:2019,8,,1.0204,0.8712,0.6741,0.4997,0.4385,0.3797,0.3398,0.9375,20190803,10:39:38
2019-08-05 10:39:02,217,217.443773,,0.070479,0.085352,0.12158,0.19509500000000002,0.234699,0.292943,0.332456,2.4262919999999997,,0.000684,0.0006259999999999999,0.0008460000000000001,0.0016489999999999999,0.0019329999999999998,0.00484,0.004968,0.023837,1.488341,1.481168,1.5382280000000002,1.489794,1.373921,lev15,635,Alta_Floresta,-9.871339,-56.104453,277.0,81.381227,6.406918,18.6,262.425512,0.15281199999999998,09:08:2019,8,,1.0204,0.8712,0.6741,0.4997,0.4385,0.3797,0.3398,0.9375,20190805,10:39:02
2019-08-10 10:37:13,222,222.44251200000002,,0.047255,0.056383,0.07823,0.124426,0.14921099999999998,0.188365,0.21430100000000002,1.969153,,0.00059,0.000167,0.000512,0.000867,0.000805,0.000749,0.002198,0.031514,1.434884,1.511793,1.510006,1.4274879999999999,1.429274,lev15,635,Alta_Floresta,-9.871339,-56.104453,277.0,81.344452,6.382009,21.6,263.66418500000003,0.162326,14:08:2019,8,,1.0204,0.8712,0.6741,0.4997,0.4385,0.3797,0.3398,0.9375,20190810,10:37:13
2019-08-13 10:36:01,225,225.44167799999997,,0.038074000000000004,0.047373,0.06971000000000001,0.11766700000000001,0.143454,0.18396700000000002,0.212569,2.041193,,0.0015609999999999999,0.001236,0.001448,0.0015480000000000001,0.001373,0.000916,0.002062,0.026242,1.6334790000000001,1.6289799999999999,1.6904560000000002,1.639832,1.551137,lev15,635,Alta_Floresta,-9.871339,-56.104453,277.0,81.314625,6.3619449999999995,21.4,264.40737,0.168034,17:08:2019,8,,1.0204,0.8712,0.6741,0.4997,0.4385,0.3797,0.3398,0.9375,20190813,10:36:01
2019-08-15 10:35:08,227,227.44106499999998,,0.08311,0.103407,0.15326800000000002,0.248771,0.29794299999999996,0.36607199999999995,0.405142,2.096433,,0.001469,0.002239,0.004436,0.008443,0.010289,0.015086000000000002,0.017962,0.014062,1.555626,1.40703,1.558268,1.580349,1.216108,lev15,635,Alta_Floresta,-9.871339,-56.104453,277.0,81.301232,6.352976,19.5,264.902813,0.17183900000000002,19:08:2019,8,,1.0204,0.8712,0.6741,0.4997,0.4385,0.3797,0.3398,0.9375,20190815,10:35:08
2019-08-28 10:28:32,240,240.43648100000001,,0.09955800000000001,0.12889,0.200295,0.339072,0.414522,0.520659,,2.2224369999999998,,0.0008759999999999999,0.00042300000000000004,0.000546,0.001368,0.002419,0.002926,,0.03734,1.7134060000000002,1.562064,1.703012,1.740602,1.583368,lev15,635,Alta_Floresta,-9.871339,-56.104453,277.0,81.202438,6.287571,20.6,268.817446,0.19223800000000002,01:09:2019,7,,1.0204,0.8712,0.6741,0.4997,0.4385,0.3797,,0.9375,20190828,10:28:32
2019-08-30 10:27:18,242,242.435625,,0.201854,0.28468699999999997,0.48584799999999995,0.855353,,,,2.5945110000000002,,0.004586,0.006183,0.01035,0.022673,,,,0.050355000000000004,1.9766419999999998,,1.889359,1.9766419999999998,,lev15,635,Alta_Floresta,-9.871339,-56.104453,277.0,81.212548,6.294204,22.7,269.41614500000003,0.195398,03:09:2019,5,,1.0204,0.8712,0.6741,0.4997,,,,0.9375,20190830,10:27:18
2019-09-02 10:28:53,245,245.436725,,0.162859,0.226104,0.384936,0.6938,0.8668239999999999,,,2.725266,,0.00040899999999999997,0.003361,0.007102,0.014863,0.027112,,,0.030572000000000002,1.9661,1.704218,1.901605,2.015663,,lev15,635,Alta_Floresta,-9.871339,-56.104453,277.0,80.392687,5.7975,23.3,270.314907,0.20014200000000001,06:09:2019,6,,1.0204,0.8712,0.6741,0.4997,0.4385,,,0.9375,20190902,10:28:53
2019-09-14 10:24:37,257,257.433762,,0.27195,0.37485999999999997,0.630065,1.1195540000000002,,,,3.043261,,0.007668,0.007514,0.006734,0.0009939999999999999,,,,0.084146,1.9670189999999999,,1.9202400000000002,1.9670189999999999,,lev15,635,Alta_Floresta,-9.871339,-56.104453,277.0,79.57306899999999,5.372651,25.1,273.90775299999996,0.21910500000000002,18:09:2019,5,,1.0204,0.8712,0.6741,0.4997,,,,0.9375,20190914,10:24:37
2019-09-17 10:16:07,260,260.427859,,0.17281300000000002,0.229559,0.368398,0.632283,0.774651,,,2.882734,,0.00259,0.0025629999999999997,0.0029170000000000003,0.0031,0.0009570000000000001,,,0.049760000000000006,1.781996,1.554376,1.741568,1.8222029999999998,,lev15,635,Alta_Floresta,-9.871339,-56.104453,277.0,81.172383,6.267935,24.6,274.126917,0.21304,26:09:2019,6,,1.0204,0.8712,0.6741,0.4997,0.4385,,,0.9375,20190917,10:16:07
2019-09-19 10:28:38,262,262.43655099999995,,0.083233,0.10568499999999999,0.157095,0.26126,0.317605,0.39768200000000004,0.45495699999999994,3.366481,,0.000795,0.000489,0.00134,0.00323,0.004195,0.005732,0.006682,0.049919,1.617915,1.530381,1.647793,1.630158,1.416748,lev15,635,Alta_Floresta,-9.871339,-56.104453,277.0,77.806296,4.6387529999999995,23.7,274.16794300000004,0.20728200000000002,26:09:2019,8,,1.0204,0.8712,0.6741,0.4997,0.4385,0.3797,0.3398,0.9375,20190919,10:28:38
2019-09-27 10:13:40,270,270.426157,0.045545999999999996,0.097633,0.133455,0.22002600000000003,0.386777,0.47488100000000005,0.598633,,3.743324,0.0008320000000000001,0.00095,0.001217,0.0026829999999999996,0.004294,0.006196,0.014168,,0.094778,1.8613529999999998,1.590834,1.805537,1.913456,1.60847,lev15,635,Alta_Floresta,-9.871339,-56.104453,277.0,80.24074499999999,5.713805000000001,23.6,274.331127,0.184378,01:10:2019,8,1.6398,1.0204,0.8712,0.6741,0.4997,0.4385,0.3797,,0.9375,20190927,10:13:40
2019-10-04 10:19:25,277,277.43015,,0.060421,0.07775,0.117924,0.197496,0.23805,0.29648,0.336073,3.6063660000000004,,0.00085,0.000502,0.000962,0.002307,0.003343,0.003278,0.007508,0.032194,1.647272,1.480097,1.648936,1.678325,1.360657,lev15,635,Alta_Floresta,-9.871339,-56.104453,277.0,77.83319499999999,4.648421,23.9,274.474179,0.1643,08:10:2019,8,,1.0204,0.8712,0.6741,0.4997,0.4385,0.3797,0.3398,0.9375,20191004,10:19:25
2020-04-29 10:29:43,120,120.437303,0.056563999999999996,0.05921900000000001,0.062417999999999994,0.06790700000000001,0.086122,0.092682,0.11013900000000001,0.115574,3.9121580000000002,0.007532,0.004951,0.005308,0.005259000000000001,0.006357,0.00687,0.009795,0.010662999999999999,0.027774,0.603367,0.900809,0.7355189999999999,0.585064,0.881724,lev15,635,Alta_Floresta,-9.871339,-56.104453,277.0,81.00437099999999,6.160341000000001,26.0,253.88169,0.097444,03:05:2020,9,1.6398,1.0204,0.8712,0.6741,0.4997,0.4385,0.3797,0.3398,0.9375,20200429,10:29:43
2020-05-09 10:31:46,130,130.438727,0.020991,0.03528,0.04462,0.06411499999999999,0.1063,0.125089,0.156142,0.172076,4.0322,0.001183,0.001302,0.0017329999999999997,0.002639,0.004028,0.0051909999999999994,0.0071719999999999996,0.008515,0.027986,1.5322559999999998,1.4024459999999999,1.5775549999999998,1.5651899999999999,1.264617,lev15,635,Alta_Floresta,-9.871339,-56.104453,277.0,80.968653,6.137932,22.3,251.276277,0.098444,13:05:2020,9,1.6398,1.0204,0.8712,0.6741,0.4997,0.4385,0.3797,0.3398,0.9375,20200509,10:31:46
